2010-03-02 00:00:00,2010-03-02 00:29:00,1.04185,1.04345,1.0408,1.0434,2510.6
2010-03-02 00:30:00,2010-03-02 00:59:00,1.0434,1.04365,1.04205,1.04305,2875.5
2010-03-02 01:00:00,2010-03-02 01:29:00,1.04305,1.04375,1.0428,1.04345,1230.8999999999996
2010-03-02 01:30:00,2010-03-02 01:59:00,1.04345,1.04365,1.0429700000000002,1.04335,632.6000000000001
2010-03-02 02:00:00,2010-03-02 02:29:00,1.04335,1.04355,1.0426,1.04295,1605.8
2010-03-02 02:30:00,2010-03-02 02:59:00,1.043,1.043,1.04234,1.04295,2151.2
2010-03-02 03:00:00,2010-03-02 03:29:00,1.04295,1.04315,1.04247,1.04305,2104.8999999999996
2010-03-02 03:30:00,2010-03-02 03:59:00,1.04305,1.0442,1.0416,1.043,2269.6999999999994
2010-03-02 04:00:00,2010-03-02 04:29:00,1.043,1.04365,1.0428,1.04315,2591.6999999999994
2010-03-02 04:30:00,2010-03-02 04:59:00,1.04315,1.0432,1.04265,1.04265,1928.7000000000003
2010-03-02 05:00:00,2010-03-02 05:29:00,1.04265,1.0429,1.04255,1.04255,637.1999999999999
2010-03-02 05:30:00,2010-03-02 05:59:00,1.0425,1.04345,1.04213,1.04315,1181.7000000000005
2010-03-02 06:00:00,2010-03-02 06:29:00,1.04315,1.0437,1.04285,1.04295,1410.6
2010-03-02 06:30:00,2010-03-02 06:59:00,1.04295,1.04405,1.04285,1.04385,2921.2000000000003
2010-03-02 07:00:00,2010-03-02 07:29:00,1.04385,1.044,1.04265,1.04335,2031.9
2010-03-02 07:30:00,2010-03-02 07:59:00,1.0434,1.0434,1.04035,1.0407,3616.499999999999
2010-03-02 08:00:00,2010-03-02 08:29:00,1.0407,1.0407,1.0381,1.0387,5220.999999999999
2010-03-02 08:30:00,2010-03-02 08:59:00,1.0387,1.0411,1.03825,1.04105,3778.3000000000006
2010-03-02 09:00:00,2010-03-02 09:29:00,1.0411,1.04235,1.04,1.04005,4932.7
2010-03-02 09:30:00,2010-03-02 09:59:00,1.04005,1.04065,1.03665,1.0382,4509.6
2010-03-02 10:00:00,2010-03-02 10:29:00,1.0382,1.03855,1.03695,1.0382,4109.799999999999
2010-03-02 10:30:00,2010-03-02 10:59:00,1.0382,1.03825,1.03535,1.03565,4424.15
2010-03-02 11:00:00,2010-03-02 11:29:00,1.0357,1.0362,1.03475,1.03555,5771.100000000001
2010-03-02 11:30:00,2010-03-02 11:59:00,1.03555,1.03585,1.03455,1.03525,6836.4
2010-03-02 12:00:00,2010-03-02 12:29:00,1.03525,1.03565,1.03405,1.03415,8271.41
2010-03-02 12:30:00,2010-03-02 12:59:00,1.03405,1.03535,1.034,1.035,8002.1
2010-03-02 13:00:00,2010-03-02 13:29:00,1.035,1.03605,1.0347,1.03515,5151.400000000001
2010-03-02 13:30:00,2010-03-02 13:59:00,1.03515,1.0366,1.0344,1.03475,8421.2
2010-03-02 14:00:00,2010-03-02 14:29:00,1.03505,1.0368,1.0308,1.0331,10922.54
2010-03-02 14:30:00,2010-03-02 14:59:00,1.03305,1.0344,1.0325,1.03305,14603.800000000005
2010-03-02 15:00:00,2010-03-02 15:29:00,1.0331,1.0344,1.0327,1.0335,11994.500000000002
2010-03-02 15:30:00,2010-03-02 15:59:00,1.0335,1.0339,1.03215,1.03255,12130.799999999997
2010-03-02 16:00:00,2010-03-02 16:29:00,1.03255,1.0337,1.0324,1.03325,13104.600000000002
2010-03-02 16:30:00,2010-03-02 16:59:00,1.03325,1.0335,1.03245,1.03255,11529.000000000002
2010-03-02 17:00:00,2010-03-02 17:29:00,1.03255,1.03345,1.032,1.0331,9669.800000000003
2010-03-02 17:30:00,2010-03-02 17:59:00,1.0331,1.03405,1.03295,1.0332,4668.099999999999
2010-03-02 18:00:00,2010-03-02 18:29:00,1.0332,1.03335,1.0323,1.0327,10372.7
2010-03-02 18:30:00,2010-03-02 18:59:00,1.0327,1.0331,1.0325,1.0329,7198.800000000001
2010-03-02 19:00:00,2010-03-02 19:29:00,1.0329,1.03435,1.0327,1.03435,7147.799999999999
2010-03-02 19:30:00,2010-03-02 19:59:00,1.03435,1.03615,1.03435,1.03585,8367.999999999998
2010-03-02 20:00:00,2010-03-02 20:29:00,1.03585,1.0363,1.03505,1.0363,7819.799999999999
2010-03-02 20:30:00,2010-03-02 20:59:00,1.0363,1.03665,1.03565,1.03635,6139.599999999999
2010-03-02 21:00:00,2010-03-02 21:29:00,1.03635,1.03655,1.036,1.03625,1877.6
2010-03-02 21:30:00,2010-03-02 21:59:00,1.0362,1.03625,1.03545,1.03555,1135.2
2010-03-02 22:00:00,2010-03-02 22:29:00,1.0352,1.0364,1.03475,1.0359,603.0
2010-03-02 22:30:00,2010-03-02 22:59:00,1.03595,1.03595,1.0345,1.03545,601.4999999999999
2010-03-02 23:00:00,2010-03-02 23:29:00,1.03545,1.0358,1.03485,1.03495,554.0
2010-03-02 23:30:00,2010-03-02 23:59:00,1.03495,1.03495,1.0342,1.03485,813.7
2010-03-03 00:00:00,2010-03-03 00:29:00,1.0348,1.03515,1.03417,1.03465,1372.6
2010-03-03 00:30:00,2010-03-03 00:59:00,1.03465,1.03495,1.03365,1.03455,2426.5000000000005
2010-03-03 01:00:00,2010-03-03 01:29:00,1.03455,1.0348,1.0338,1.034,1774.6000000000004
2010-03-03 01:30:00,2010-03-03 01:59:00,1.034,1.0351,1.034,1.0346,1654.2000000000003
2010-03-03 02:00:00,2010-03-03 02:29:00,1.0346,1.03515,1.0338,1.034,1885.8999999999999
2010-03-03 02:30:00,2010-03-03 02:59:00,1.034,1.03445,1.0337,1.03375,1202.4
2010-03-03 03:00:00,2010-03-03 03:29:00,1.03375,1.03465,1.03345,1.03465,1337.6
2010-03-03 03:30:00,2010-03-03 03:59:00,1.03465,1.0347,1.03378,1.03386,2080.5
2010-03-03 04:00:00,2010-03-03 04:29:00,1.03425,1.0347,1.0339,1.03405,1193.4000000000003
2010-03-03 04:30:00,2010-03-03 04:59:00,1.034,1.03415,1.03345,1.03365,1629.5999999999997
2010-03-03 05:00:00,2010-03-03 05:29:00,1.03365,1.03365,1.0325,1.03345,1694.6000000000001
2010-03-03 05:30:00,2010-03-03 05:59:00,1.03355,1.0346,1.03345,1.03415,1496.8999999999996
2010-03-03 06:00:00,2010-03-03 06:29:00,1.03415,1.0351,1.034,1.03445,1491.9
2010-03-03 06:30:00,2010-03-03 06:59:00,1.0346,1.03465,1.0339,1.0344,1904.1999999999996
2010-03-03 07:00:00,2010-03-03 07:29:00,1.0344,1.03445,1.0334,1.03385,3380.9999999999995
2010-03-03 07:30:00,2010-03-03 07:59:00,1.03385,1.0341,1.0326,1.0334,3396.2000000000007
2010-03-03 08:00:00,2010-03-03 08:29:00,1.03345,1.0355,1.03345,1.03485,4067.100000000001
2010-03-03 08:30:00,2010-03-03 08:59:00,1.0348,1.0354,1.03455,1.0348,1784.5
2010-03-03 09:00:00,2010-03-03 09:29:00,1.0348,1.0354,1.03445,1.03505,3869.8000000000006
2010-03-03 09:30:00,2010-03-03 09:59:00,1.03505,1.03605,1.0349,1.0352,2926.500000000001
2010-03-03 10:00:00,2010-03-03 10:29:00,1.0352,1.03585,1.03495,1.03525,1932.3
2010-03-03 10:30:00,2010-03-03 10:59:00,1.0353,1.0358,1.03495,1.03535,2373.0000000000005
2010-03-03 11:00:00,2010-03-03 11:29:00,1.0353,1.03545,1.03275,1.0329,3051.6999999999994
2010-03-03 11:30:00,2010-03-03 11:59:00,1.033,1.03385,1.03265,1.0338,4348.4
2010-03-03 12:00:00,2010-03-03 12:29:00,1.0338,1.03395,1.0327,1.03365,3874.7
2010-03-03 12:30:00,2010-03-03 12:59:00,1.0336,1.0342,1.0327,1.0337,4337.2
2010-03-03 13:00:00,2010-03-03 13:29:00,1.0337,1.03395,1.03215,1.03215,6187.599999999999
2010-03-03 13:30:00,2010-03-03 13:59:00,1.03215,1.0325,1.0313,1.032,8193.399999999998
2010-03-03 14:00:00,2010-03-03 14:29:00,1.032,1.03295,1.0319,1.0324,6207.6
2010-03-03 14:30:00,2010-03-03 14:59:00,1.0324,1.03335,1.03195,1.03235,9137.2
2010-03-03 15:00:00,2010-03-03 15:29:00,1.03225,1.03275,1.03045,1.03055,9974.200000000003
2010-03-03 15:30:00,2010-03-03 15:59:00,1.03055,1.0318,1.02855,1.0288,9171.3
2010-03-03 16:00:00,2010-03-03 16:29:00,1.0288,1.029,1.0274,1.02795,7875.38
2010-03-03 16:30:00,2010-03-03 16:59:00,1.02795,1.0295,1.0278,1.02875,6804.299999999998
2010-03-03 17:00:00,2010-03-03 17:29:00,1.02875,1.0301,1.02845,1.0298,8738.4
2010-03-03 17:30:00,2010-03-03 17:59:00,1.02975,1.0308,1.02925,1.03035,6424.500000000002
2010-03-03 18:00:00,2010-03-03 18:29:00,1.0304,1.0305,1.0294,1.02975,5243.700000000001
2010-03-03 18:30:00,2010-03-03 18:59:00,1.02975,1.0306,1.02955,1.03015,3843.7
2010-03-03 19:00:00,2010-03-03 19:29:00,1.03015,1.03205,1.0299,1.0318,5396.4
2010-03-03 19:30:00,2010-03-03 19:59:00,1.0318,1.03215,1.0307,1.0312,5607.1
2010-03-03 20:00:00,2010-03-03 20:29:00,1.03125,1.03195,1.0306,1.031,3904.0000000000005
2010-03-03 20:30:00,2010-03-03 20:59:00,1.031,1.03195,1.0303,1.0318,2566.86
2010-03-03 21:00:00,2010-03-03 21:29:00,1.0318,1.0318,1.031,1.03102,3927.109999999999
2010-03-03 21:30:00,2010-03-03 21:59:00,1.03135,1.0322,1.03135,1.0317,1349.1000000000004
2010-03-03 22:00:00,2010-03-03 22:29:00,1.0317,1.0318,1.03076,1.03076,402.5
2010-03-03 22:30:00,2010-03-03 22:59:00,1.031,1.0315,1.03064,1.03084,469.1
2010-03-03 23:00:00,2010-03-03 23:29:00,1.03115,1.03185,1.0308,1.03165,626.2
2010-03-03 23:30:00,2010-03-03 23:59:00,1.0318,1.03205,1.03155,1.03205,884.0999999999998
2010-03-04 00:00:00,2010-03-04 00:29:00,1.03205,1.03225,1.03171,1.03205,1020.7
2010-03-04 00:30:00,2010-03-04 00:59:00,1.032,1.03215,1.0316299999999998,1.0321,1090.9
2010-03-04 01:00:00,2010-03-04 01:29:00,1.0321,1.0321,1.03145,1.03165,756.4
2010-03-04 01:30:00,2010-03-04 01:59:00,1.03165,1.03185,1.03115,1.03135,994.3999999999997
2010-03-04 02:00:00,2010-03-04 02:29:00,1.0313,1.0318,1.03093,1.03175,617.0
2010-03-04 02:30:00,2010-03-04 02:59:00,1.0317,1.03175,1.03084,1.03175,876.7
2010-03-04 03:00:00,2010-03-04 03:29:00,1.03175,1.03215,1.0312,1.032,1321.9
2010-03-04 03:30:00,2010-03-04 03:59:00,1.032,1.032,1.03136,1.03165,1247.8999999999999
2010-03-04 04:00:00,2010-03-04 04:29:00,1.0316,1.032,1.03135,1.0315,807.8
2010-03-04 04:30:00,2010-03-04 04:59:00,1.0315,1.0316,1.03098,1.03155,2526.1000000000004
2010-03-04 05:00:00,2010-03-04 05:29:00,1.03155,1.032,1.03138,1.03195,1368.1000000000001
2010-03-04 05:30:00,2010-03-04 05:59:00,1.032,1.03245,1.0316,1.03175,1122.5000000000002
2010-03-04 06:00:00,2010-03-04 06:29:00,1.03175,1.03195,1.03155,1.0319,1103.1
2010-03-04 06:30:00,2010-03-04 06:59:00,1.0319,1.03335,1.03175,1.033,1401.7
2010-03-04 07:00:00,2010-03-04 07:29:00,1.033,1.033,1.03175,1.0324,2384.8
2010-03-04 07:30:00,2010-03-04 07:59:00,1.0324,1.03385,1.03215,1.0332,1857.4000000000003
2010-03-04 08:00:00,2010-03-04 08:29:00,1.0332,1.03355,1.0315,1.0317,2903.9
2010-03-04 08:30:00,2010-03-04 08:59:00,1.0317,1.03225,1.0307,1.03075,2395.4000000000005
2010-03-04 09:00:00,2010-03-04 09:29:00,1.03075,1.03215,1.03065,1.0318,1845.3999999999996
2010-03-04 09:30:00,2010-03-04 09:59:00,1.03185,1.03195,1.0308,1.03105,2487.6000000000004
2010-03-04 10:00:00,2010-03-04 10:29:00,1.031,1.0316,1.0302,1.03085,3269.0
2010-03-04 10:30:00,2010-03-04 10:59:00,1.0308,1.03085,1.03,1.0301,2810.2000000000003
2010-03-04 11:00:00,2010-03-04 11:29:00,1.0301,1.0304,1.02925,1.0302,4608.1
2010-03-04 11:30:00,2010-03-04 11:59:00,1.0302,1.0303,1.0285,1.02895,3390.6500000000005
2010-03-04 12:00:00,2010-03-04 12:29:00,1.02895,1.02895,1.02695,1.0284,4858.2
2010-03-04 12:30:00,2010-03-04 12:59:00,1.0284,1.02905,1.0281,1.02905,4432.200000000001
2010-03-04 13:00:00,2010-03-04 13:29:00,1.02905,1.02955,1.02825,1.02825,5421.5999999999985
2010-03-04 13:30:00,2010-03-04 13:59:00,1.02835,1.0309,1.0283,1.02905,5730.0
2010-03-04 14:00:00,2010-03-04 14:29:00,1.02905,1.03215,1.029,1.0305,5802.500000000001
2010-03-04 14:30:00,2010-03-04 14:59:00,1.0305,1.03055,1.0292,1.02925,6145.0999999999985
2010-03-04 15:00:00,2010-03-04 15:29:00,1.02925,1.0335,1.0292,1.03145,8258.300000000001
2010-03-04 15:30:00,2010-03-04 15:59:00,1.03145,1.0339,1.03115,1.03145,6212.0
2010-03-04 16:00:00,2010-03-04 16:29:00,1.03135,1.0315,1.0291,1.03015,7114.700000000001
2010-03-04 16:30:00,2010-03-04 16:59:00,1.03015,1.03315,1.02915,1.03065,7451.4
2010-03-04 17:00:00,2010-03-04 17:29:00,1.03065,1.03175,1.03055,1.0309,5265.200000000002
2010-03-04 17:30:00,2010-03-04 17:59:00,1.0309,1.03175,1.03045,1.0305,3783.5999999999995
2010-03-04 18:00:00,2010-03-04 18:29:00,1.03045,1.0316,1.03045,1.031,3841.4999999999995
2010-03-04 18:30:00,2010-03-04 18:59:00,1.031,1.03185,1.03085,1.0317,4036.1200000000003
2010-03-04 19:00:00,2010-03-04 19:29:00,1.0317,1.03275,1.03165,1.0318,3743.4999999999995
2010-03-04 19:30:00,2010-03-04 19:59:00,1.0318,1.032,1.03045,1.03085,3253.95
2010-03-04 20:00:00,2010-03-04 20:29:00,1.0308,1.03175,1.03075,1.0311,3622.1
2010-03-04 20:30:00,2010-03-04 20:59:00,1.0311,1.03135,1.0304,1.03045,2281.6
2010-03-04 21:00:00,2010-03-04 21:29:00,1.03045,1.0316,1.0304,1.03145,1614.7000000000005
2010-03-04 21:30:00,2010-03-04 21:59:00,1.03115,1.03175,1.03105,1.0315,870.3000000000001
2010-03-04 22:00:00,2010-03-04 22:29:00,1.03145,1.0319,1.03045,1.031,715.6999999999999
2010-03-04 22:30:00,2010-03-04 22:59:00,1.031,1.03135,1.03055,1.03055,620.7
2010-03-04 23:00:00,2010-03-04 23:29:00,1.0306,1.03145,1.0305,1.0314,777.9
2010-03-04 23:30:00,2010-03-04 23:59:00,1.0314,1.0314,1.03098,1.0313,880.8000000000002
2010-03-05 00:00:00,2010-03-05 00:29:00,1.0313,1.0313,1.0305,1.03065,724.8
2010-03-05 00:30:00,2010-03-05 00:59:00,1.03065,1.031,1.03045,1.03065,1212.1000000000001
2010-03-05 01:00:00,2010-03-05 01:29:00,1.03065,1.03105,1.03025,1.0303,1273.3999999999999
2010-03-05 01:30:00,2010-03-05 01:59:00,1.0303,1.03105,1.03025,1.03055,1263.6000000000001
2010-03-05 02:00:00,2010-03-05 02:29:00,1.03055,1.03065,1.02995,1.03035,777.4999999999999
2010-03-05 02:30:00,2010-03-05 02:59:00,1.0304,1.03045,1.02977,1.03035,1002.5
2010-03-05 03:00:00,2010-03-05 03:29:00,1.02993,1.03075,1.02976,1.03065,1292.8999999999999
2010-03-05 03:30:00,2010-03-05 03:59:00,1.03065,1.0313,1.0305,1.03115,1515.6000000000004
2010-03-05 04:00:00,2010-03-05 04:29:00,1.03115,1.0314,1.03056,1.031,1631.8000000000002
2010-03-05 04:30:00,2010-03-05 04:59:00,1.03105,1.03105,1.03038,1.03095,1266.5
2010-03-05 05:00:00,2010-03-05 05:29:00,1.03095,1.03105,1.02996,1.0306,2450.0999999999995
2010-03-05 05:30:00,2010-03-05 05:59:00,1.0306,1.03065,1.03003,1.03055,3900.499999999999
2010-03-05 06:00:00,2010-03-05 06:29:00,1.0305,1.03215,1.03035,1.03155,1947.7
2010-03-05 06:30:00,2010-03-05 06:59:00,1.03155,1.0319,1.03135,1.03185,1102.6
2010-03-05 07:00:00,2010-03-05 07:29:00,1.03185,1.03185,1.03115,1.03165,1382.7999999999997
2010-03-05 07:30:00,2010-03-05 07:59:00,1.03165,1.032,1.03125,1.03165,1464.6
2010-03-05 08:00:00,2010-03-05 08:29:00,1.03165,1.03285,1.03145,1.0325,2072.5999999999995
2010-03-05 08:30:00,2010-03-05 08:59:00,1.0325,1.0325,1.03185,1.03245,2480.1000000000004
2010-03-05 09:00:00,2010-03-05 09:29:00,1.0324,1.03305,1.03203,1.03245,2473.6
2010-03-05 09:30:00,2010-03-05 09:59:00,1.03245,1.03275,1.0319,1.03225,1344.1000000000001
2010-03-05 10:00:00,2010-03-05 10:29:00,1.03225,1.0324,1.0315,1.0315,1022.0000000000001
2010-03-05 10:30:00,2010-03-05 10:59:00,1.0315,1.032,1.03112,1.03165,1329.4999999999998
2010-03-05 11:00:00,2010-03-05 11:29:00,1.0316,1.03165,1.03071,1.031,1740.8
2010-03-05 11:30:00,2010-03-05 11:59:00,1.03095,1.03155,1.0306,1.0315,1256.5
2010-03-05 12:00:00,2010-03-05 12:29:00,1.0315,1.0322,1.0314,1.0322,1710.6999999999998
2010-03-05 12:30:00,2010-03-05 12:59:00,1.0322,1.0322,1.03125,1.0316,2140.5
2010-03-05 13:00:00,2010-03-05 13:29:00,1.0316,1.0323,1.03075,1.0308,3438.1900000000005
2010-03-05 13:30:00,2010-03-05 13:59:00,1.03065,1.0315,1.0271,1.0287,5311.4000000000015
2010-03-05 14:00:00,2010-03-05 14:29:00,1.02865,1.0287,1.0265,1.0267,4530.000000000001
2010-03-05 14:30:00,2010-03-05 14:59:00,1.0267,1.0272,1.02605,1.02695,6103.700000000001
2010-03-05 15:00:00,2010-03-05 15:29:00,1.02695,1.0278,1.02635,1.02675,6190.900000000001
2010-03-05 15:30:00,2010-03-05 15:59:00,1.02675,1.0276,1.02645,1.02665,6269.299999999999
2010-03-05 16:00:00,2010-03-05 16:29:00,1.02675,1.0282,1.0262,1.0276,7068.9
2010-03-05 16:30:00,2010-03-05 16:59:00,1.0276,1.0292,1.0273,1.02835,5176.700000000001
2010-03-05 17:00:00,2010-03-05 17:29:00,1.02835,1.02935,1.02835,1.0292,7330.2
2010-03-05 17:30:00,2010-03-05 17:59:00,1.0292,1.0297,1.02865,1.0293,5001.2
2010-03-05 18:00:00,2010-03-05 18:29:00,1.0293,1.03035,1.0291,1.0301,3577.0000000000005
2010-03-05 18:30:00,2010-03-05 18:59:00,1.0301,1.0302,1.0296,1.0296,1996.4000000000003
2010-03-05 19:00:00,2010-03-05 19:29:00,1.0296,1.0302,1.02945,1.03005,2132.9
2010-03-05 19:30:00,2010-03-05 19:59:00,1.03005,1.03035,1.02855,1.02945,5388.000000000001
2010-03-05 20:00:00,2010-03-05 20:29:00,1.02945,1.02955,1.0287,1.02955,2519.8000000000006
2010-03-05 20:30:00,2010-03-05 20:59:00,1.0295,1.03055,1.02935,1.03045,2004.31
2010-03-05 21:00:00,2010-03-05 21:29:00,1.03045,1.03065,1.03,1.03015,1350.2
2010-03-05 21:30:00,2010-03-05 21:59:00,1.03015,1.0303,1.0282,1.0282,1101.2999999999997
2010-03-07 22:00:00,2010-03-07 22:29:00,1.028,1.028,1.02672,1.02695,501.1
2010-03-07 22:30:00,2010-03-07 22:59:00,1.0269,1.02715,1.02623,1.027,469.49999999999994
2010-03-07 23:00:00,2010-03-07 23:29:00,1.027,1.0279,1.02665,1.02775,680.8
2010-03-07 23:30:00,2010-03-07 23:59:00,1.02775,1.02825,1.02655,1.02675,1653.0600000000002
2010-03-08 00:00:00,2010-03-08 00:29:00,1.02675,1.02715,1.0263,1.027,2356.56
2010-03-08 00:30:00,2010-03-08 00:59:00,1.027,1.0276,1.02685,1.02725,1565.1000000000001
2010-03-08 01:00:00,2010-03-08 01:29:00,1.0275,1.0282,1.0269,1.02695,861.4
2010-03-08 01:30:00,2010-03-08 01:59:00,1.0269,1.02705,1.0264,1.0264,1199.7
2010-03-08 02:00:00,2010-03-08 02:29:00,1.0264,1.02685,1.02615,1.0265,2173.2000000000003
2010-03-08 02:30:00,2010-03-08 02:59:00,1.0265,1.02675,1.02589,1.02645,990.1999999999999
2010-03-08 03:00:00,2010-03-08 03:29:00,1.02645,1.02665,1.02614,1.02631,794.5000000000001
2010-03-08 03:30:00,2010-03-08 03:59:00,1.02655,1.02685,1.02618,1.0265,1208.9
2010-03-08 04:00:00,2010-03-08 04:29:00,1.0265,1.0267,1.02616,1.02645,1399.0000000000002
2010-03-08 04:30:00,2010-03-08 04:59:00,1.0265,1.0269,1.02645,1.0268,1270.4
2010-03-08 05:00:00,2010-03-08 05:29:00,1.0268,1.02705,1.02618,1.027,1405.3000000000004
2010-03-08 05:30:00,2010-03-08 05:59:00,1.027,1.02775,1.02685,1.0272,1640.8000000000002
2010-03-08 06:00:00,2010-03-08 06:29:00,1.0272,1.02775,1.0263,1.02695,1562.0000000000002
2010-03-08 06:30:00,2010-03-08 06:59:00,1.02695,1.02775,1.0267,1.0273,1530.0
2010-03-08 07:00:00,2010-03-08 07:29:00,1.0273,1.028,1.0271,1.0279,2500.3
2010-03-08 07:30:00,2010-03-08 07:59:00,1.02795,1.02805,1.0264,1.0276,3367.9000000000005
2010-03-08 08:00:00,2010-03-08 08:29:00,1.02755,1.02825,1.0268,1.02725,3401.5
2010-03-08 08:30:00,2010-03-08 08:59:00,1.0273,1.0277,1.0269,1.0277,3243.9000000000005
2010-03-08 09:00:00,2010-03-08 09:29:00,1.0277,1.0279,1.0262,1.0267,2328.5999999999995
2010-03-08 09:30:00,2010-03-08 09:59:00,1.0267,1.02705,1.0261,1.02685,2121.2000000000003
2010-03-08 10:00:00,2010-03-08 10:29:00,1.0268,1.0284,1.02665,1.02835,2687.9000000000005
2010-03-08 10:30:00,2010-03-08 10:59:00,1.02835,1.0284,1.02765,1.0278,2430.0
2010-03-08 11:00:00,2010-03-08 11:29:00,1.02785,1.0281,1.0267,1.0274,2824.4000000000005
2010-03-08 11:30:00,2010-03-08 11:59:00,1.02735,1.02855,1.02685,1.02855,2075.3999999999996
2010-03-08 12:00:00,2010-03-08 12:29:00,1.02855,1.02885,1.0273,1.02755,3873.6000000000004
2010-03-08 12:30:00,2010-03-08 12:59:00,1.02755,1.0279,1.0261,1.0265,6522.299999999999
2010-03-08 13:00:00,2010-03-08 13:29:00,1.0265,1.0268,1.02565,1.0265,9099.3
2010-03-08 13:30:00,2010-03-08 13:59:00,1.0265,1.02775,1.0263,1.02725,6550.2
2010-03-08 14:00:00,2010-03-08 14:29:00,1.02725,1.02725,1.0257,1.02625,4958.3
2010-03-08 14:30:00,2010-03-08 14:59:00,1.02625,1.02665,1.025,1.02625,11779.22
2010-03-08 15:00:00,2010-03-08 15:29:00,1.02625,1.02725,1.02595,1.02615,8949.100000000002
2010-03-08 15:30:00,2010-03-08 15:59:00,1.02615,1.028,1.026,1.0273,7414.599999999999
2010-03-08 16:00:00,2010-03-08 16:29:00,1.02725,1.02915,1.0269,1.0288,9541.85
2010-03-08 16:30:00,2010-03-08 16:59:00,1.0288,1.02935,1.02825,1.0286,9519.020000000002
2010-03-08 17:00:00,2010-03-08 17:29:00,1.0286,1.02865,1.027,1.0272,8126.830000000001
2010-03-08 17:30:00,2010-03-08 17:59:00,1.0272,1.02765,1.02625,1.02665,7822.599999999999
2010-03-08 18:00:00,2010-03-08 18:29:00,1.02665,1.02795,1.02645,1.0279,4849.399999999999
2010-03-08 18:30:00,2010-03-08 18:59:00,1.02785,1.02785,1.02705,1.02735,4841.3
2010-03-08 19:00:00,2010-03-08 19:29:00,1.02735,1.0277,1.02725,1.02735,4589.499999999999
2010-03-08 19:30:00,2010-03-08 19:59:00,1.02735,1.0276,1.0272,1.02755,3382.9
2010-03-08 20:00:00,2010-03-08 20:29:00,1.02755,1.0277,1.0272,1.0276,2807.1000000000004
2010-03-08 20:30:00,2010-03-08 20:59:00,1.0276,1.028,1.02725,1.02745,4036.9
2010-03-08 21:00:00,2010-03-08 21:29:00,1.02745,1.028,1.0271,1.02735,1728.7000000000003
2010-03-08 21:30:00,2010-03-08 21:59:00,1.02735,1.0279,1.02695,1.02695,2242.1
2010-03-08 22:00:00,2010-03-08 22:29:00,1.02695,1.0275,1.02665,1.02667,515.9000000000001
2010-03-08 22:30:00,2010-03-08 22:59:00,1.027,1.028,1.02673,1.02795,1067.1
2010-03-08 23:00:00,2010-03-08 23:29:00,1.02795,1.02815,1.0274,1.02787,1132.5000000000002
2010-03-08 23:30:00,2010-03-08 23:59:00,1.0281,1.02815,1.02772,1.0278,650.9
2010-03-09 00:00:00,2010-03-09 00:29:00,1.0278,1.0284,1.02757,1.02765,1483.5
2010-03-09 00:30:00,2010-03-09 00:59:00,1.02765,1.0282,1.02705,1.0279,1531.9
2010-03-09 01:00:00,2010-03-09 01:29:00,1.02785,1.02845,1.02785,1.02815,1225.1000000000004
2010-03-09 01:30:00,2010-03-09 01:59:00,1.02815,1.02885,1.02815,1.02865,1754.5999999999997
2010-03-09 02:00:00,2010-03-09 02:29:00,1.02865,1.02895,1.02837,1.02875,752.2999999999998
2010-03-09 02:30:00,2010-03-09 02:59:00,1.02885,1.02925,1.0284,1.02905,883.0999999999999
2010-03-09 03:00:00,2010-03-09 03:29:00,1.02905,1.02905,1.0277,1.02825,1480.4
2010-03-09 03:30:00,2010-03-09 03:59:00,1.02825,1.02825,1.0277,1.02785,2476.7000000000003
2010-03-09 04:00:00,2010-03-09 04:29:00,1.02785,1.02835,1.02756,1.02789,1477.2
2010-03-09 04:30:00,2010-03-09 04:59:00,1.02815,1.02855,1.02791,1.0284,784.5000000000001
2010-03-09 05:00:00,2010-03-09 05:29:00,1.02835,1.0285,1.02775,1.0285,1527.3999999999999
2010-03-09 05:30:00,2010-03-09 05:59:00,1.02845,1.02885,1.0278,1.028,1259.9000000000003
2010-03-09 06:00:00,2010-03-09 06:29:00,1.028,1.0282,1.0276,1.02805,775.9
2010-03-09 06:30:00,2010-03-09 06:59:00,1.0281,1.02895,1.02745,1.02775,1510.51
2010-03-09 07:00:00,2010-03-09 07:29:00,1.02775,1.0284,1.02665,1.02745,2219.4000000000005
2010-03-09 07:30:00,2010-03-09 07:59:00,1.02745,1.02845,1.027,1.0274,2573.5000000000005
2010-03-09 08:00:00,2010-03-09 08:29:00,1.0274,1.0279,1.02675,1.0276,3717.8999999999987
2010-03-09 08:30:00,2010-03-09 08:59:00,1.0276,1.02885,1.0268,1.0285,3876.9000000000005
2010-03-09 09:00:00,2010-03-09 09:29:00,1.0285,1.0297,1.0285,1.02895,4595.8
2010-03-09 09:30:00,2010-03-09 09:59:00,1.02895,1.03025,1.0285,1.0285,4387.099999999999
2010-03-09 10:00:00,2010-03-09 10:29:00,1.0285,1.03005,1.02815,1.02925,2756.6999999999994
2010-03-09 10:30:00,2010-03-09 10:59:00,1.0292,1.0309,1.02866,1.02995,3495.0000000000005
2010-03-09 11:00:00,2010-03-09 11:29:00,1.02995,1.0304,1.0294,1.03025,3636.7000000000003
2010-03-09 11:30:00,2010-03-09 11:59:00,1.03025,1.0312,1.0302,1.0305,3024.2999999999997
2010-03-09 12:00:00,2010-03-09 12:29:00,1.0305,1.0319,1.02985,1.0317,5285.099999999999
2010-03-09 12:30:00,2010-03-09 12:59:00,1.0317,1.0317,1.03025,1.03025,5731.0
2010-03-09 13:00:00,2010-03-09 13:29:00,1.03025,1.03045,1.02885,1.03035,5831.600000000001
2010-03-09 13:30:00,2010-03-09 13:59:00,1.0303,1.031,1.0294,1.02955,8029.3
2010-03-09 14:00:00,2010-03-09 14:29:00,1.0295,1.0297,1.02755,1.0276,7774.8
2010-03-09 14:30:00,2010-03-09 14:59:00,1.02755,1.02825,1.02525,1.026,7863.47
2010-03-09 15:00:00,2010-03-09 15:29:00,1.02605,1.02675,1.0248,1.02625,6438.95
2010-03-09 15:30:00,2010-03-09 15:59:00,1.02625,1.0273,1.02585,1.02625,6941.48
2010-03-09 16:00:00,2010-03-09 16:29:00,1.02625,1.0281,1.02555,1.02555,6388.59
2010-03-09 16:30:00,2010-03-09 16:59:00,1.02555,1.0261,1.02485,1.0249,5057.179999999999
2010-03-09 17:00:00,2010-03-09 17:29:00,1.0249,1.02615,1.0249,1.02505,6409.139999999999
2010-03-09 17:30:00,2010-03-09 17:59:00,1.02505,1.02545,1.02345,1.0239,10162.6
2010-03-09 18:00:00,2010-03-09 18:29:00,1.0239,1.02465,1.02365,1.02435,4407.7
2010-03-09 18:30:00,2010-03-09 18:59:00,1.02435,1.0253,1.02425,1.0253,4053.6999999999994
2010-03-09 19:00:00,2010-03-09 19:29:00,1.0253,1.0253,1.0246,1.02465,2340.100000000001
2010-03-09 19:30:00,2010-03-09 19:59:00,1.02465,1.0262,1.0246,1.026,3526.4000000000005
2010-03-09 20:00:00,2010-03-09 20:29:00,1.02595,1.02745,1.02595,1.02725,4944.999999999999
2010-03-09 20:30:00,2010-03-09 20:59:00,1.02725,1.02725,1.0258,1.0261,4027.6
2010-03-09 21:00:00,2010-03-09 21:29:00,1.02615,1.0264,1.02565,1.0261,1803.1999999999998
2010-03-09 21:30:00,2010-03-09 21:59:00,1.02605,1.0266,1.02585,1.02595,809.5000000000001
2010-03-09 22:00:00,2010-03-09 22:29:00,1.0259,1.02665,1.02505,1.02655,667.6
2010-03-09 22:30:00,2010-03-09 22:59:00,1.02613,1.0266,1.026,1.02635,645.4
2010-03-09 23:00:00,2010-03-09 23:29:00,1.02635,1.0264,1.02568,1.02625,645.4000000000002
2010-03-09 23:30:00,2010-03-09 23:59:00,1.02625,1.02685,1.02625,1.0267,1335.6099999999997
2010-03-10 00:00:00,2010-03-10 00:29:00,1.0267,1.02705,1.02645,1.02695,550.5999999999999
2010-03-10 00:30:00,2010-03-10 00:59:00,1.02685,1.0276,1.02685,1.0275,865.1999999999999
2010-03-10 01:00:00,2010-03-10 01:29:00,1.02755,1.02765,1.02665,1.02675,783.3999999999999
2010-03-10 01:30:00,2010-03-10 01:59:00,1.02675,1.02725,1.02655,1.02695,729.4000000000001
2010-03-10 02:00:00,2010-03-10 02:29:00,1.02695,1.02705,1.02637,1.02685,524.9999999999999
2010-03-10 02:30:00,2010-03-10 02:59:00,1.02685,1.0272,1.02675,1.02705,1030.2
2010-03-10 03:00:00,2010-03-10 03:29:00,1.02705,1.02725,1.02653,1.0268,866.2000000000002
2010-03-10 03:30:00,2010-03-10 03:59:00,1.0268,1.02695,1.02645,1.0266,1112.0
2010-03-10 04:00:00,2010-03-10 04:29:00,1.0266,1.02665,1.02598,1.0266,1214.4999999999998
2010-03-10 04:30:00,2010-03-10 04:59:00,1.0266,1.02675,1.02616,1.0263,710.9999999999998
2010-03-10 05:00:00,2010-03-10 05:29:00,1.0263,1.02725,1.02584,1.0269,1266.7000000000003
2010-03-10 05:30:00,2010-03-10 05:59:00,1.0269,1.02735,1.02685,1.0273,921.6
2010-03-10 06:00:00,2010-03-10 06:29:00,1.02715,1.02785,1.02685,1.0276,2077.2
2010-03-10 06:30:00,2010-03-10 06:59:00,1.0274,1.02865,1.027,1.0285,1922.1
2010-03-10 07:00:00,2010-03-10 07:29:00,1.02845,1.0289,1.02815,1.0285,2214.1
2010-03-10 07:30:00,2010-03-10 07:59:00,1.0285,1.02865,1.0275,1.02855,1462.0999999999997
2010-03-10 08:00:00,2010-03-10 08:29:00,1.02855,1.02905,1.02805,1.0281,2586.9
2010-03-10 08:30:00,2010-03-10 08:59:00,1.0281,1.02835,1.02635,1.02665,2292.0999999999995
2010-03-10 09:00:00,2010-03-10 09:29:00,1.0267,1.02735,1.02625,1.0265,2301.7999999999997
2010-03-10 09:30:00,2010-03-10 09:59:00,1.0266,1.02795,1.02655,1.0276,1953.2
2010-03-10 10:00:00,2010-03-10 10:29:00,1.0276,1.02815,1.02595,1.0266,2283.6000000000004
2010-03-10 10:30:00,2010-03-10 10:59:00,1.0266,1.0277,1.026,1.0262,2518.6
2010-03-10 11:00:00,2010-03-10 11:29:00,1.02625,1.02665,1.02577,1.02595,3493.999999999999
2010-03-10 11:30:00,2010-03-10 11:59:00,1.02595,1.0264,1.02535,1.0261,3421.2999999999997
2010-03-10 12:00:00,2010-03-10 12:29:00,1.0261,1.0261,1.02505,1.02515,4338.7
2010-03-10 12:30:00,2010-03-10 12:59:00,1.02515,1.0264,1.02515,1.0264,1851.3999999999996
2010-03-10 13:00:00,2010-03-10 13:29:00,1.02645,1.02695,1.0257,1.02575,4832.099999999999
2010-03-10 13:30:00,2010-03-10 13:59:00,1.02575,1.0271,1.02575,1.0266,2746.2000000000007
2010-03-10 14:00:00,2010-03-10 14:29:00,1.0266,1.02795,1.02615,1.02675,6068.9
2010-03-10 14:30:00,2010-03-10 14:59:00,1.0267,1.02675,1.0254,1.0262,6466.400000000001
2010-03-10 15:00:00,2010-03-10 15:29:00,1.0262,1.02635,1.02405,1.02405,5812.260000000001
2010-03-10 15:30:00,2010-03-10 15:59:00,1.02405,1.02425,1.02205,1.0222,8055.9
2010-03-10 16:00:00,2010-03-10 16:29:00,1.0222,1.02295,1.0216,1.0228,5994.500000000001
2010-03-10 16:30:00,2010-03-10 16:59:00,1.0228,1.0248,1.0228,1.02415,5787.2
2010-03-10 17:00:00,2010-03-10 17:29:00,1.02415,1.0274,1.0238,1.0266,7461.3
2010-03-10 17:30:00,2010-03-10 17:59:00,1.02655,1.0273,1.02555,1.02575,4712.189999999999
2010-03-10 18:00:00,2010-03-10 18:29:00,1.02575,1.02665,1.0251,1.02605,4779.000000000001
2010-03-10 18:30:00,2010-03-10 18:59:00,1.02605,1.02675,1.02575,1.0264,4095.9
2010-03-10 19:00:00,2010-03-10 19:29:00,1.0264,1.02675,1.02495,1.0256,4958.299999999999
2010-03-10 19:30:00,2010-03-10 19:59:00,1.0256,1.0268,1.02545,1.0263,3268.5000000000005
2010-03-10 20:00:00,2010-03-10 20:29:00,1.0263,1.02715,1.0259,1.02685,5804.0
2010-03-10 20:30:00,2010-03-10 20:59:00,1.02685,1.02715,1.02555,1.02575,4577.800000000001
2010-03-10 21:00:00,2010-03-10 21:29:00,1.02575,1.0259,1.0253,1.02535,1717.6999999999998
2010-03-10 21:30:00,2010-03-10 21:59:00,1.02535,1.02555,1.02465,1.02465,923.1
2010-03-10 22:00:00,2010-03-10 22:29:00,1.0242,1.02545,1.02415,1.0247,544.1999999999998
2010-03-10 22:30:00,2010-03-10 22:59:00,1.02446,1.0251,1.02412,1.02478,693.2
2010-03-10 23:00:00,2010-03-10 23:29:00,1.025,1.025,1.02395,1.0246,956.1000000000001
2010-03-10 23:30:00,2010-03-10 23:59:00,1.0246,1.02555,1.0246,1.0255,825.4999999999998
2010-03-11 00:00:00,2010-03-11 00:29:00,1.02545,1.0255,1.0245,1.02515,885.0999999999998
2010-03-11 00:30:00,2010-03-11 00:59:00,1.02515,1.02605,1.02515,1.0255,1217.1999999999998
2010-03-11 01:00:00,2010-03-11 01:29:00,1.02555,1.02565,1.025,1.0255,1172.3999999999999
2010-03-11 01:30:00,2010-03-11 01:59:00,1.0255,1.02575,1.02475,1.02555,689.3000000000001
2010-03-11 02:00:00,2010-03-11 02:29:00,1.0257,1.02655,1.0254,1.026,1408.3999999999999
2010-03-11 02:30:00,2010-03-11 02:59:00,1.026,1.0266,1.0258,1.02615,511.70000000000005
2010-03-11 03:00:00,2010-03-11 03:29:00,1.02615,1.02655,1.02585,1.02605,1080.2
2010-03-11 03:30:00,2010-03-11 03:59:00,1.02605,1.0263,1.02561,1.0261,1443.0000000000002
2010-03-11 04:00:00,2010-03-11 04:29:00,1.02615,1.02625,1.02565,1.02585,773.8
2010-03-11 04:30:00,2010-03-11 04:59:00,1.0256,1.02585,1.02486,1.02535,1102.4
2010-03-11 05:00:00,2010-03-11 05:29:00,1.02535,1.0261,1.0253,1.0255,856.5999999999998
2010-03-11 05:30:00,2010-03-11 05:59:00,1.0254,1.02585,1.02525,1.0258,732.2000000000002
2010-03-11 06:00:00,2010-03-11 06:29:00,1.0258,1.02585,1.02481,1.02585,3599.999999999999
2010-03-11 06:30:00,2010-03-11 06:59:00,1.02564,1.02685,1.02512,1.02575,1597.9999999999998
2010-03-11 07:00:00,2010-03-11 07:29:00,1.02575,1.026,1.0246,1.026,2353.400000000001
2010-03-11 07:30:00,2010-03-11 07:59:00,1.02605,1.02695,1.026,1.02605,1536.2999999999995
2010-03-11 08:00:00,2010-03-11 08:29:00,1.026,1.0267,1.0255,1.02595,1383.34
2010-03-11 08:30:00,2010-03-11 08:59:00,1.02595,1.02605,1.0253,1.02555,2350.7000000000003
2010-03-11 09:00:00,2010-03-11 09:29:00,1.02555,1.0268,1.02555,1.0266,2102.0999999999995
2010-03-11 09:30:00,2010-03-11 09:59:00,1.02655,1.0266,1.02555,1.0261,3127.500000000001
2010-03-11 10:00:00,2010-03-11 10:29:00,1.0261,1.0263,1.0255,1.0263,1742.8000000000002
2010-03-11 10:30:00,2010-03-11 10:59:00,1.0263,1.02715,1.02625,1.027,1478.6
2010-03-11 11:00:00,2010-03-11 11:29:00,1.027,1.02735,1.02625,1.0265,2367.5
2010-03-11 11:30:00,2010-03-11 11:59:00,1.02655,1.0276,1.02625,1.027,2204.3999999999996
2010-03-11 12:00:00,2010-03-11 12:29:00,1.027,1.0272,1.02625,1.02635,2628.4000000000005
2010-03-11 12:30:00,2010-03-11 12:59:00,1.0264,1.02675,1.02555,1.0258,2102.2999999999997
2010-03-11 13:00:00,2010-03-11 13:29:00,1.0258,1.02775,1.0258,1.02655,3354.2
2010-03-11 13:30:00,2010-03-11 13:59:00,1.02655,1.0314,1.0256,1.03065,8473.1
2010-03-11 14:00:00,2010-03-11 14:29:00,1.03065,1.0321,1.02865,1.0291,9184.1
2010-03-11 14:30:00,2010-03-11 14:59:00,1.0291,1.03155,1.02865,1.03095,9426.05
2010-03-11 15:00:00,2010-03-11 15:29:00,1.03095,1.03105,1.0282,1.0294,9619.7
2010-03-11 15:30:00,2010-03-11 15:59:00,1.0294,1.0294,1.0283,1.02875,10332.699999999999
2010-03-11 16:00:00,2010-03-11 16:29:00,1.0287,1.03,1.02725,1.02755,9331.999999999998
2010-03-11 16:30:00,2010-03-11 16:59:00,1.02755,1.0281,1.02615,1.0262,8686.1
2010-03-11 17:00:00,2010-03-11 17:29:00,1.0262,1.02765,1.0261,1.0273,5255.1
2010-03-11 17:30:00,2010-03-11 17:59:00,1.02725,1.02735,1.0266,1.02705,3691.8999999999996
2010-03-11 18:00:00,2010-03-11 18:29:00,1.0271,1.0271,1.026,1.02635,3130.7999999999997
2010-03-11 18:30:00,2010-03-11 18:59:00,1.02645,1.02655,1.0255,1.02645,3346.0099999999998
2010-03-11 19:00:00,2010-03-11 19:29:00,1.02645,1.0267,1.0258,1.02595,3787.9
2010-03-11 19:30:00,2010-03-11 19:59:00,1.0259,1.0263,1.0241,1.02505,7952.1
2010-03-11 20:00:00,2010-03-11 20:29:00,1.0251,1.0252,1.02285,1.02415,6249.100000000001
2010-03-11 20:30:00,2010-03-11 20:59:00,1.02415,1.0246,1.0237,1.02425,3823.3999999999996
2010-03-11 21:00:00,2010-03-11 21:29:00,1.02425,1.02445,1.024,1.02435,1476.6000000000001
2010-03-11 21:30:00,2010-03-11 21:59:00,1.02435,1.02455,1.02395,1.02395,931.1999999999998
2010-03-11 22:00:00,2010-03-11 22:29:00,1.0236,1.02425,1.02335,1.024,531.9
2010-03-11 22:30:00,2010-03-11 22:59:00,1.02405,1.02495,1.02367,1.02389,866.8
2010-03-11 23:00:00,2010-03-11 23:29:00,1.0242,1.0242,1.0234,1.02375,901.1999999999999
2010-03-11 23:30:00,2010-03-11 23:59:00,1.02375,1.0239,1.0234,1.0235,1462.1000000000004
2010-03-12 00:00:00,2010-03-12 00:29:00,1.02355,1.02425,1.02335,1.0241,1350.8
2010-03-12 00:30:00,2010-03-12 00:59:00,1.0241,1.02455,1.02365,1.02405,1265.1
2010-03-12 01:00:00,2010-03-12 01:29:00,1.02405,1.0244,1.02374,1.02425,920.7999999999998
2010-03-12 01:30:00,2010-03-12 01:59:00,1.02425,1.02465,1.02372,1.02386,1248.9999999999998
2010-03-12 02:00:00,2010-03-12 02:29:00,1.02445,1.0246,1.024,1.02425,1124.1000000000001
2010-03-12 02:30:00,2010-03-12 02:59:00,1.02425,1.02445,1.02373,1.0243,795.8000000000001
2010-03-12 03:00:00,2010-03-12 03:29:00,1.0243,1.0243,1.02354,1.024,1217.1000000000001
2010-03-12 03:30:00,2010-03-12 03:59:00,1.02395,1.0242,1.0235,1.02385,868.3
2010-03-12 04:00:00,2010-03-12 04:29:00,1.0238,1.0239,1.02344,1.02375,900.4000000000001
2010-03-12 04:30:00,2010-03-12 04:59:00,1.02375,1.02405,1.02338,1.02405,1556.2999999999997
2010-03-12 05:00:00,2010-03-12 05:29:00,1.02405,1.02405,1.02344,1.0236,1973.1
2010-03-12 05:30:00,2010-03-12 05:59:00,1.0236,1.02365,1.02315,1.02335,2267.05
2010-03-12 06:00:00,2010-03-12 06:29:00,1.02335,1.02385,1.02305,1.0233,1249.3
2010-03-12 06:30:00,2010-03-12 06:59:00,1.0233,1.02385,1.02315,1.02335,1225.1999999999998
2010-03-12 07:00:00,2010-03-12 07:29:00,1.02345,1.02385,1.0226,1.02265,2026.9899999999998
2010-03-12 07:30:00,2010-03-12 07:59:00,1.0226,1.02345,1.0225,1.02275,2651.550000000001
2010-03-12 08:00:00,2010-03-12 08:29:00,1.02275,1.02305,1.02225,1.0225,2545.5000000000005
2010-03-12 08:30:00,2010-03-12 08:59:00,1.0225,1.0238,1.0224,1.02355,2299.7
2010-03-12 09:00:00,2010-03-12 09:29:00,1.0235,1.02425,1.02275,1.023,2600.2000000000003
2010-03-12 09:30:00,2010-03-12 09:59:00,1.023,1.0239,1.02295,1.0233,2908.4
2010-03-12 10:00:00,2010-03-12 10:29:00,1.0233,1.0233,1.02195,1.02215,6527.299999999998
2010-03-12 10:30:00,2010-03-12 10:59:00,1.02215,1.0231,1.0217,1.02235,4538.099999999999
2010-03-12 11:00:00,2010-03-12 11:29:00,1.0224,1.0224,1.02125,1.02225,2696.4
2010-03-12 11:30:00,2010-03-12 11:59:00,1.02225,1.0238,1.02185,1.02325,5324.4
2010-03-12 12:00:00,2010-03-12 12:29:00,1.0232,1.0232,1.01605,1.0164,9434.4
2010-03-12 12:30:00,2010-03-12 12:59:00,1.0164,1.0174,1.0154,1.0167,10634.500000000002
2010-03-12 13:00:00,2010-03-12 13:29:00,1.01675,1.0185,1.01665,1.0178,8106.500000000001
2010-03-12 13:30:00,2010-03-12 13:59:00,1.0178,1.01815,1.0156,1.0165,8396.900000000001
2010-03-12 14:00:00,2010-03-12 14:29:00,1.01655,1.0178,1.0161,1.01765,10244.600000000002
2010-03-12 14:30:00,2010-03-12 14:59:00,1.01765,1.01825,1.01635,1.01715,10719.1
2010-03-12 15:00:00,2010-03-12 15:29:00,1.01715,1.0192,1.0167,1.01735,13996.299999999994
2010-03-12 15:30:00,2010-03-12 15:59:00,1.01735,1.0179,1.01595,1.01625,14159.699999999999
2010-03-12 16:00:00,2010-03-12 16:29:00,1.0163,1.01745,1.01625,1.01695,13989.9
2010-03-12 16:30:00,2010-03-12 16:59:00,1.01695,1.019,1.01665,1.01875,10553.300000000003
2010-03-12 17:00:00,2010-03-12 17:29:00,1.01875,1.01915,1.01725,1.018,10284.100000000004
2010-03-12 17:30:00,2010-03-12 17:59:00,1.018,1.01865,1.01735,1.01805,7999.000000000002
2010-03-12 18:00:00,2010-03-12 18:29:00,1.01805,1.01805,1.01725,1.01745,3617.8
2010-03-12 18:30:00,2010-03-12 18:59:00,1.01745,1.018,1.01695,1.01755,3736.6
2010-03-12 19:00:00,2010-03-12 19:29:00,1.01755,1.0176,1.0166,1.01745,4206.3
2010-03-12 19:30:00,2010-03-12 19:59:00,1.01745,1.0178,1.01695,1.0174,5516.0
2010-03-12 20:00:00,2010-03-12 20:29:00,1.0174,1.01815,1.0172,1.0179,3280.2999999999997
2010-03-12 20:30:00,2010-03-12 20:59:00,1.0179,1.01825,1.01775,1.0181,1786.8000000000002
2010-03-12 21:00:00,2010-03-12 21:29:00,1.0181,1.01845,1.01785,1.01845,675.8000000000001
2010-03-12 21:30:00,2010-03-12 21:59:00,1.01845,1.0192,1.01817,1.019,631.8000000000001
2010-03-14 21:00:00,2010-03-14 21:29:00,1.01747,1.01763,1.01656,1.01696,995.9000000000001
2010-03-14 21:30:00,2010-03-14 21:59:00,1.01691,1.01707,1.01618,1.01661,737.1
2010-03-14 22:00:00,2010-03-14 22:29:00,1.0171,1.0174,1.0169,1.01715,383.3
2010-03-14 22:30:00,2010-03-14 22:59:00,1.01715,1.0173,1.01683,1.017,469.8
2010-03-14 23:00:00,2010-03-14 23:29:00,1.0173,1.01735,1.01685,1.017,442.4999999999999
2010-03-14 23:30:00,2010-03-14 23:59:00,1.01702,1.01745,1.0164,1.01655,1049.9
2010-03-15 00:00:00,2010-03-15 00:29:00,1.0166,1.0171,1.01644,1.017,561.4999999999999
2010-03-15 00:30:00,2010-03-15 00:59:00,1.017,1.01755,1.01645,1.0169,1335.8
2010-03-15 01:00:00,2010-03-15 01:29:00,1.01685,1.01745,1.01655,1.01725,1281.6
2010-03-15 01:30:00,2010-03-15 01:59:00,1.0172,1.0175,1.01679,1.01745,1229.31
2010-03-15 02:00:00,2010-03-15 02:29:00,1.01745,1.01745,1.01684,1.01702,597.4899999999999
2010-03-15 02:30:00,2010-03-15 02:59:00,1.01735,1.0177,1.01685,1.01755,454.8
2010-03-15 03:00:00,2010-03-15 03:29:00,1.01755,1.01765,1.01712,1.01745,497.3
2010-03-15 03:30:00,2010-03-15 03:59:00,1.01745,1.01805,1.01729,1.01805,1064.8000000000002
2010-03-15 04:00:00,2010-03-15 04:29:00,1.01805,1.0182,1.01773,1.01805,919.1000000000003
2010-03-15 04:30:00,2010-03-15 04:59:00,1.01805,1.0185,1.01775,1.01775,1009.5000000000001
2010-03-15 05:00:00,2010-03-15 05:29:00,1.0177,1.01875,1.01765,1.0186,1385.9999999999995
2010-03-15 05:30:00,2010-03-15 05:59:00,1.0186,1.01915,1.0184,1.01895,1361.5999999999995
2010-03-15 06:00:00,2010-03-15 06:29:00,1.01895,1.01895,1.0184,1.01895,809.7
2010-03-15 06:30:00,2010-03-15 06:59:00,1.01885,1.01885,1.01685,1.01685,1744.9999999999998
2010-03-15 07:00:00,2010-03-15 07:29:00,1.01685,1.0176,1.01645,1.017,1337.7
2010-03-15 07:30:00,2010-03-15 07:59:00,1.017,1.0183,1.01685,1.01805,2072.5
2010-03-15 08:00:00,2010-03-15 08:29:00,1.018,1.01845,1.01755,1.01815,1565.2999999999995
2010-03-15 08:30:00,2010-03-15 08:59:00,1.0181,1.0182,1.0171,1.0181,2699.0
2010-03-15 09:00:00,2010-03-15 09:29:00,1.0181,1.01935,1.01789,1.0186,4570.4
2010-03-15 09:30:00,2010-03-15 09:59:00,1.0186,1.01945,1.01815,1.01925,2356.0
2010-03-15 10:00:00,2010-03-15 10:29:00,1.0193,1.01945,1.01805,1.0183,2169.6
2010-03-15 10:30:00,2010-03-15 10:59:00,1.0183,1.01935,1.01815,1.0193,2137.9
2010-03-15 11:00:00,2010-03-15 11:29:00,1.0193,1.0193,1.01715,1.0175,6170.499999999999
2010-03-15 11:30:00,2010-03-15 11:59:00,1.0175,1.0178,1.01725,1.01775,3900.3999999999996
2010-03-15 12:00:00,2010-03-15 12:29:00,1.01775,1.019,1.0174,1.0186,8441.5
2010-03-15 12:30:00,2010-03-15 12:59:00,1.01855,1.019,1.01785,1.0185,4998.4
2010-03-15 13:00:00,2010-03-15 13:29:00,1.0185,1.01975,1.0185,1.01945,9094.100000000002
2010-03-15 13:30:00,2010-03-15 13:59:00,1.01945,1.02025,1.01825,1.01935,11629.8
2010-03-15 14:00:00,2010-03-15 14:29:00,1.0194,1.0208,1.0186,1.01895,12574.099999999999
2010-03-15 14:30:00,2010-03-15 14:59:00,1.01895,1.0203,1.0181,1.02015,11235.5
2010-03-15 15:00:00,2010-03-15 15:29:00,1.02015,1.0229,1.02005,1.0218,13182.100000000002
2010-03-15 15:30:00,2010-03-15 15:59:00,1.0218,1.02235,1.02125,1.02155,7645.999999999999
2010-03-15 16:00:00,2010-03-15 16:29:00,1.02155,1.02315,1.02145,1.02175,11212.9
2010-03-15 16:30:00,2010-03-15 16:59:00,1.0218,1.0218,1.021,1.02145,5605.299999999999
2010-03-15 17:00:00,2010-03-15 17:29:00,1.02145,1.02175,1.02095,1.02115,2303.9999999999995
2010-03-15 17:30:00,2010-03-15 17:59:00,1.02115,1.02155,1.02064,1.0215,4672.9
2010-03-15 18:00:00,2010-03-15 18:29:00,1.0215,1.02175,1.0213,1.0217,3616.3000000000006
2010-03-15 18:30:00,2010-03-15 18:59:00,1.02175,1.0221,1.0201,1.0201,5654.700000000001
2010-03-15 19:00:00,2010-03-15 19:29:00,1.0201,1.02085,1.0193,1.01965,2920.1000000000004
2010-03-15 19:30:00,2010-03-15 19:59:00,1.01965,1.02015,1.0191,1.01955,2330.6000000000004
2010-03-15 20:00:00,2010-03-15 20:29:00,1.01955,1.01955,1.01884,1.0194,2436.4000000000005
2010-03-15 20:30:00,2010-03-15 20:59:00,1.01902,1.01975,1.01885,1.0191,610.8
2010-03-15 21:00:00,2010-03-15 21:29:00,1.0191,1.0192,1.01825,1.019,483.79999999999995
2010-03-15 21:30:00,2010-03-15 21:59:00,1.019,1.01915,1.0186,1.01872,531.4
2010-03-15 22:00:00,2010-03-15 22:29:00,1.01895,1.019,1.0185,1.01855,665.1
2010-03-15 22:30:00,2010-03-15 22:59:00,1.0185,1.01925,1.01825,1.01925,644.6000000000001
2010-03-15 23:00:00,2010-03-15 23:29:00,1.01925,1.0196,1.01865,1.0192,868.9000000000001
2010-03-15 23:30:00,2010-03-15 23:59:00,1.0192,1.01925,1.0188,1.01895,1032.8
2010-03-16 00:00:00,2010-03-16 00:29:00,1.01895,1.01905,1.01835,1.0189,1686.5000000000002
2010-03-16 00:30:00,2010-03-16 00:59:00,1.0189,1.01985,1.0189,1.01935,3538.9999999999995
2010-03-16 01:00:00,2010-03-16 01:29:00,1.01935,1.0196,1.01885,1.0189,1147.3
2010-03-16 01:30:00,2010-03-16 01:59:00,1.0189,1.0194,1.01843,1.0194,1332.1
2010-03-16 02:00:00,2010-03-16 02:29:00,1.01935,1.01935,1.01865,1.01875,1258.1
2010-03-16 02:30:00,2010-03-16 02:59:00,1.01875,1.0189,1.01835,1.01885,568.0999999999999
2010-03-16 03:00:00,2010-03-16 03:29:00,1.01885,1.01905,1.01823,1.01865,611.2
2010-03-16 03:30:00,2010-03-16 03:59:00,1.0187,1.0187,1.01845,1.01855,1377.6
2010-03-16 04:00:00,2010-03-16 04:29:00,1.01845,1.01875,1.01845,1.0187,1408.8
2010-03-16 04:30:00,2010-03-16 04:59:00,1.0187,1.0188,1.01845,1.0185,1817.3
2010-03-16 05:00:00,2010-03-16 05:29:00,1.0185,1.01875,1.0183,1.01865,649.3999999999999
2010-03-16 05:30:00,2010-03-16 05:59:00,1.01865,1.01875,1.01815,1.01855,1223.3000000000004
2010-03-16 06:00:00,2010-03-16 06:29:00,1.01855,1.01855,1.01795,1.01835,1167.1000000000001
2010-03-16 06:30:00,2010-03-16 06:59:00,1.01835,1.01875,1.01825,1.01845,1711.8
2010-03-16 07:00:00,2010-03-16 07:29:00,1.0185,1.01895,1.01815,1.0189,2162.2000000000003
2010-03-16 07:30:00,2010-03-16 07:59:00,1.0189,1.0202,1.01865,1.01965,3701.8000000000006
2010-03-16 08:00:00,2010-03-16 08:29:00,1.0197,1.01975,1.01805,1.0181,4132.2
2010-03-16 08:30:00,2010-03-16 08:59:00,1.0181,1.01815,1.0173,1.01805,2563.0
2010-03-16 09:00:00,2010-03-16 09:29:00,1.0181,1.0182,1.01735,1.01785,2908.9000000000005
2010-03-16 09:30:00,2010-03-16 09:59:00,1.01785,1.0181,1.01715,1.0172,3528.499999999999
2010-03-16 10:00:00,2010-03-16 10:29:00,1.0173,1.01825,1.0171,1.0179,3657.4
2010-03-16 10:30:00,2010-03-16 10:59:00,1.0179,1.01825,1.0177,1.01785,2460.3999999999996
2010-03-16 11:00:00,2010-03-16 11:29:00,1.0179,1.0179,1.0163,1.01675,6442.2
2010-03-16 11:30:00,2010-03-16 11:59:00,1.01675,1.01805,1.0164,1.01805,6152.100000000001
2010-03-16 12:00:00,2010-03-16 12:29:00,1.0181,1.01905,1.0174,1.01855,7051.100000000001
2010-03-16 12:30:00,2010-03-16 12:59:00,1.01855,1.01855,1.0163,1.0172,11146.2
2010-03-16 13:00:00,2010-03-16 13:29:00,1.0172,1.01725,1.01565,1.01665,11490.0
2010-03-16 13:30:00,2010-03-16 13:59:00,1.01665,1.0178,1.0166,1.0174,6230.6
2010-03-16 14:00:00,2010-03-16 14:29:00,1.01745,1.0177,1.01445,1.0156,8951.999999999998
2010-03-16 14:30:00,2010-03-16 14:59:00,1.01565,1.01635,1.01465,1.0151,8477.900000000001
2010-03-16 15:00:00,2010-03-16 15:29:00,1.0151,1.01585,1.0145,1.01525,7975.999999999999
2010-03-16 15:30:00,2010-03-16 15:59:00,1.01525,1.01595,1.01465,1.0147,6577.000000000001
2010-03-16 16:00:00,2010-03-16 16:29:00,1.0147,1.01495,1.014,1.0145,9663.400000000001
2010-03-16 16:30:00,2010-03-16 16:59:00,1.0145,1.01535,1.01435,1.0149,7308.629999999999
2010-03-16 17:00:00,2010-03-16 17:29:00,1.0149,1.01505,1.01455,1.015,5646.700000000001
2010-03-16 17:30:00,2010-03-16 17:59:00,1.01505,1.0156,1.01505,1.01515,6713.700000000002
2010-03-16 18:00:00,2010-03-16 18:29:00,1.01515,1.0158,1.01335,1.0136,8020.4000000000015
2010-03-16 18:30:00,2010-03-16 18:59:00,1.0136,1.0168,1.01355,1.01455,9686.300000000001
2010-03-16 19:00:00,2010-03-16 19:29:00,1.01455,1.01535,1.0137,1.0142,5851.73
2010-03-16 19:30:00,2010-03-16 19:59:00,1.01425,1.0144,1.01375,1.01395,4004.2999999999993
2010-03-16 20:00:00,2010-03-16 20:29:00,1.01395,1.0142,1.01375,1.0141,1133.7999999999997
2010-03-16 20:30:00,2010-03-16 20:59:00,1.01405,1.01425,1.0137,1.01385,804.0
2010-03-16 21:00:00,2010-03-16 21:29:00,1.01385,1.01398,1.0132,1.01334,354.99999999999994
2010-03-16 21:30:00,2010-03-16 21:59:00,1.01365,1.0144,1.01316,1.01375,539.4999999999999
2010-03-16 22:00:00,2010-03-16 22:29:00,1.01375,1.01455,1.01365,1.01455,512.8
2010-03-16 22:30:00,2010-03-16 22:59:00,1.01455,1.01455,1.0138,1.0139,1011.3000000000002
2010-03-16 23:00:00,2010-03-16 23:29:00,1.0139,1.0143,1.0133,1.01335,949.5999999999998
2010-03-16 23:30:00,2010-03-16 23:59:00,1.01335,1.01375,1.01301,1.01335,621.4000000000001
